#TYPE PSObject,
name,Postcode
Admiral Nelson,TW2 7BB
Albion,E2 8QY
Albion,KT8 9HA
Albion,W14 0QL
Alleyns Head,SE21 8BW
Anchor And Hope,E5 9HG
Andover Arms,W6 0DL
Anglesea Arms,SW7 3QG
Antelope,SW1W 8EZ
Armoury,SW18 1EZ
Artillery Arms,EC1Y 8ND
Assembly Rooms,KT19 8EH
Bald Faced Stag,N2 8AB
Bar,IG2 6JX
Baring,N1 3DS
Bear,SE5 0RP
Beehive,N9 9JZ
Beehive,SW11 1TH
Birkbeck Tavern,E11 4HL
Black Horse,DA5 1NT
Black Lion,E13 0AD
Blythe Hill Tavern,SE23 1JB
Boaters Inn,KT2 5AU
Botwell Inn,UB3 3EB
Bree Louise,NW1 2HH
Brew Wharf,SE1 9AD
Brewery Tap,TW8 8BD
Bricklayer's Arms,SW15 1DD
Buckingham Arms,SW1H 9EU
Builders Arms,CR0 6TP
Builders Arms,EN4 9SH
Bull's Head,BR6 7NQ
Calthorpe Arms,WC1X 8JR
Cambridge,WC2H 0DP
Camel,E2 0JD
Capitol,SE23 3TW
Carpenters Arms,E2 6EG
Carpenters Arms,W1H 7NE
Case Is Altered,HA5 2EW
Cask And Glass,SW1E 5HN
Cask,SW1V 2EE
Castle,HA1 3EF
Charles Dickens,SE1 0LH
Charles Lamb,N1 8DE
Churchill Arms,W8 7LN
Clarendon,N1 4PR (no
Claret Free House,CR0 7AA
Claret Wine Bar,SM3 8BL
Cleveland Arms,W2 6DT
Clifton,NW8 0JT
Clock House,TW11 8HA
Coach And Horses,W1J 5LD
Coach And Horses,W1J 6PT
Cock And Bottle,W11 2RP
Cock And Dragon,EN4 9HU
Colley Rowe Inn,RM5 3PA
Coppermill,E17 7HF
Coronation Hall,KT6 4LQ
Coronet,N7 6NJ
Courtfield,SW5 9AN
Crayford Arms,DA1 4HH
Cricketers,CR0 7ER
Cricketers,IG8 9HQ
Cross Keys,WC2H 9EB
Crosse Keys,EC3V 0DR
Crown And Sceptre,SW2 4AH
Crown And Sceptre,W12 9HY
Crown,W1F 9TP
Dacre Arms,SE13 5BU
Daniel Defoe,N16 0LA
Devereux,WC2R 3JJ
Dignity,N3 1DH
Dispensary,E1 8EN
Dog And Bell,SE8 3JD
Dog And Bull,CR0 1RG
Dog And Duck,N21 3LH
Dog And Duck,W1D 3AJ
Doric Arch,NW1 2DN
Dove,E8 4QJ
Dove,W6 9TA
Druids Head,KT1 1JT
Drum,E10 7EQ
Duchess Of Kent,N7 8PR
Duke Of Sussex,W4 5LF
Duke Of Wellington,N1 4BL
Duke Of Wellington,W11 2ED
Eagle Ale House,SW11 6HG
Earl Ferrers,SW16 6JF
East India Arms,EC3M 4BR
Eastbrook,RM10 7UP
Edgar Wallace,WC2R 3JF
Edward Rayne,SW20 8ND
Eleanor Arms,E3 5JP
Elephant Inn,N12 8NR
Euston Flyer,NW1 2RA
Eva Hart,RM6 4AH
Falcon,SW11 1RU
Five Bells,BR6 7RE
Florence,SE24 0NG
Forest Gate,CM16 4DZ
Fox On The Hill,SE5 8EH
Fox,W7 2PJ
Foxley Hatch,CR8 2LE
Freemasons Arms,WC2E 9NG
Furze Wren,DA6 7DY
Gamekeepers Lodge,HP5 2NN
Gate Clock,SE10 9RB
Gatehouse,N6 4BD
George And Devonshire,W4 2QE
George And Dragon,KT7 0RY
George,CR0 1LA
George,EN2 6LE
Glamorgan,CR0 6BE
Goodman's Field,E1 8AN
Grape And Grain,SE19 2AA
Grapes,SW18 1DX
Green Dragon,CR0 1NA
Greenwich Union,SE10 8RT
Greyhound,NW4 4JT
Gunmakers,EC1R 5ET
Half And Half,CR0 1NG
Hand In Hand,SW19 4RQ
Harefield,UB9 6BY
Harp,WC2N 4HS
Hat And Tun,EC1N 8HX
Hermit's Cave,SE5 8QU
Hole In The Wall,SE1 8SQ
Holly Bush,NW3 6SG
Hoopers Bar,SE5 8DH
Hope,SE27 9JS
Hope,SM5 2PR
Hope,W1T 2AJ
Horse And Groom,SW1X 7BA
Horseshoe,EC1R 0AG
Hut,UB8 3LH
J J Moons,HA4 0AA
J J Moons,RM12 4UN
J J Moons,SW17 0RN
Jeremy Bentham,WC1E 6JL
John Baird,N10 3HN
Jolly Butchers,N16 7HU
Jolly Coopers,KT18 7SD
Jolly Gardeners,SW15 1NT
Jolly Woodman,BR3 6NR
Jugged Hare,SW1V 1DX
Junction Tavern,NW5 1AG
Kenton,E9 7AB
King And Queen,CR3 5UA
King Charles I,N1 9BL
King's Arms,TW2 6QJ
King's Arms,W5 5DX
Knights Templar,WC2A 1DT
Lamb,KT6 5NF
Lamb,WC1N 3LZ
Le Gothique,SW18 3SX
Load Of Hay,UB8 2PU
London And Rye,SE6 4AF
Lord Clyde,N1 3PB
Lord Moon Of The Mall,SW1A 2DY
Lord Nelson,EN5 2SA
Lord Palmerston,NW5 1HU
Mabel's Tavern,WC1H 9AZ
Mad Bishop And Bear,W2 1HB
Magpie And Crown,TW8 8EW
Magpie,EC2M 4TP
Manor Arms,SW4 6ED
Market Porter,SE1 9AA
Masons Arms,TW11 8PJ
Mawson Arms,W4 2QA
Mitre,W2 3QH
Moon And Stars,RM1 1NX
Moon And Stars,SE20 7QS
Moon On The Hill,HA1 2AW
Moon On The Square,TW13 4AU
Moon Under Water,EN2 6NN
Moon Under Water,TW3 3LF
Museum Tavern,WC1B 3BA
Nag's Head,E17 9LP
Nellie Dean,W1D 3SU
New Cross Turnpike,DA16 3PB
New Crown,N14 5PH
New Prince,KT6 6AL
Nightingale,E11 2EY
North Nineteen,N19 4HZ
North Star,E11 3AR
Oakhill,BR3 5NP
Obelisk,E4 8DD
Old Ale Emporium,N4 1EU
Old Brewery,SE10 9LW
Old Coffee House,W1F 9SF
Old Fountain,EC1V 9NU
Old Mill,SE18 1QG
Old Mitre,EC1N 6SJ
Old Orchard,UB9 6HJ
Old Pack Horse,W4 5TF
Olde Cherry Tree,N14 6EN
Olde Mitre,EN5 5SJ
Olde Rose And Crown,E17 4SA
One Tun,EC1N 8QS
Orange Tree,N21 3HA
Palm Tree,E3 5RP
Park Tavern,KT2 6AP
Park Tavern,SE9 5DA
Partridge,BR1 1HE
Peacock,EC3N 1DT
Peasant,EC1V 4PH
Pembury Tavern,E8 1JH
Penderel's Oak,WC1V 7HJ
Phoenix,RM13 9YW
Picture Palace,EN3 4AQ
Pied Bull,SW16 3QB
Pilot Inn,SE10 0BE
Pineapple,NW5 2NX
Pride Of Spitalfields,E1 5LJ
Prince Albert,NW1 0SG
Prince Albert,SE18 6NE
Prince Albert,TW2 5QB
Prince Arthur,N1 6EB
Prince Blucher,TW2 5AG
Prince Of Wales,DA17 5EE
Prince Of Wales,N6 5JX
Prince Of Wales,SM3 8QF
Prince Of Wales,TW2 5QR
Prince Regent,SE24 0NJ
Prince's Head,TW9 1LX
Princess Of Wales,SE3 0RL
Priory Arms,SW8 2PB
Queen's Head,HA5 5PJ
Queens Head,HP5 1JD
Queens Head,UB8 1AB
Questors Grapevine Bar,W5 5BQ
Railway Bell,TW12 2AP
Railway Tavern,DA5 1AH
Railway Tavern,SM5 2HG
Railway,SM3 8SQ
Rake,SE1 9AG
Ramblers Rest,BR7 5ND
Red Cow,TW9 1YJ
Red Lion And Sun,N6 4BE
Red Lion,BR1 3LG
Red Lion,SW13 9RU
Red Lion,TW7 6QJ
Red Lion,W5 5RA
Robin Hood And Little John,DA6 8PF
Roebuck,TW12 1JN
Rose And Crown,WD3 5LW
Roundhouse,SW18 2SS
Royal Oak,SE1 4JU
Royal Standard,CR0 1SS
Sanctuary House Hotel,SW1H 9LA
Sekforde Arms,EC1R 0HA
Seven Stars,WC2A 2JB
Shaftesbury,TW9 2PN
Ship And Shovell,WC2N 5PH
Ship Tavern,WC2A 3HP
Ship,EC3R 7NB
Ship,W1F 0TT
Skinners Arms,WC1H 9NT
Skylark,CR0 1DP
Southampton Arms,NW5 1LE
Sovereign Of The Seas,BR5 1DG
Speaker,SW1P 2HA
Sportsman,WD3 3AD
Spread Eagle,SW18 2PT
Spreadeagle,CR0 1NX
St Stephens Tavern,SW1A 2JR
Star Tavern,SW1X 8HT
Station House,E4 6AN
Still And Star,E1 8AH
Sultan,SW19 1BT
Surprise,SW8 2PP
Talbot,SE4 1QG
Teddington Arms,TW11 8EW
Three Compasses,N8 7NX
Tiger,SE5 7AA
Tooting Tram And Social,SW17 9NA
Town Of Ramsgate,E1W 2PN
Trafalgar,SW19 2JY
Traveller's Friend,IG8 0PN
Trinity Arms,SW9 8DR
Two Doves,BR2 8HD
Uxbridge Arms,W8 7TQ
Victoria Tavern,IG10 4BP
Victoria,W2 2NH
Villiers Arms,WD19 4AJ
Watch House,SE13 6JP
Wheatsheaf,SE1 1TY
White Cross,TW9 1TJ
White Hart,UB3 5DP
White Horse,SW6 4UL
White House,UB11 1AA
White Swan,E1 8DA
Willoughby Arms,KT2 6LN
Windsor Castle,SM5 3PT
Woodies,KT3 5DX
Woodman,HA4 7SE
Woolpack,SM7 2NZ
World's End,TW12 2AX
Wych Elm,KT2 6HT
